<application>
  <component name="libraryTable">
    <library name="Bundled Protobuf Distribution">
      <CLASSES />
      <JAVADOC />
      <SOURCES>
        <root url="jar://$APPLICATION_PLUGINS_DIR$/protobuf-jetbrains-plugin/lib/protobuf-java-3.6.1-sources.jar!/" />
      </SOURCES>
    </library>
    <library name="groovy-2.5.8">
      <CLASSES>
        <root url="jar:///usr/local/Cellar/groovy/2.5.8/libexec/lib/gpars-1.2.1.jar!/" />
        <root url="jar:///usr/local/Cellar/groovy/2.5.8/libexec/lib/commons-logging-1.2.jar!/" />
        <root url="jar:///usr/local/Cellar/groovy/2.5.8/libexec/lib/xstream-1.4.10.jar!/" />
        <root url="jar:///usr/local/Cellar/groovy/2.5.8/libexec/lib/groovy-servlet-2.5.8.jar!/" />
        <root url="jar:///usr/local/Cellar/groovy/2.5.8/libexec/lib/javax.servlet-api-3.0.1.jar!/" />
        <root url="jar:///usr/local/Cellar/groovy/2.5.8/libexec/lib/groovy-swing-2.5.8.jar!/" />
        <root url="jar:///usr/local/Cellar/groovy/2.5.8/libexec/lib/groovy-ant-2.5.8.jar!/" />
        <root url="jar:///usr/local/Cellar/groovy/2.5.8/libexec/lib/jsr166y-1.7.0.jar!/" />
        <root url="jar:///usr/local/Cellar/groovy/2.5.8/libexec/lib/testng-6.13.1.jar!/" />
        <root url="jar:///usr/local/Cellar/groovy/2.5.8/libexec/lib/groovy-json-2.5.8.jar!/" />
        <root url="jar:///usr/local/Cellar/groovy/2.5.8/libexec/lib/groovy-testng-2.5.8.jar!/" />
        <root url="jar:///usr/local/Cellar/groovy/2.5.8/libexec/lib/junit-4.12.jar!/" />
        <root url="jar:///usr/local/Cellar/groovy/2.5.8/libexec/lib/junit-jupiter-api-5.4.0.jar!/" />
        <root url="jar:///usr/local/Cellar/groovy/2.5.8/libexec/lib/groovy-sql-2.5.8.jar!/" />
        <root url="jar:///usr/local/Cellar/groovy/2.5.8/libexec/lib/bsf-2.4.0.jar!/" />
        <root url="jar:///usr/local/Cellar/groovy/2.5.8/libexec/lib/multiverse-core-0.7.0.jar!/" />
        <root url="jar:///usr/local/Cellar/groovy/2.5.8/libexec/lib/picocli-4.0.1.jar!/" />
        <root url="jar:///usr/local/Cellar/groovy/2.5.8/libexec/lib/groovy-datetime-2.5.8.jar!/" />
        <root url="jar:///usr/local/Cellar/groovy/2.5.8/libexec/lib/ant-1.9.13.jar!/" />
        <root url="jar:///usr/local/Cellar/groovy/2.5.8/libexec/lib/groovy-docgenerator-2.5.8.jar!/" />
        <root url="jar:///usr/local/Cellar/groovy/2.5.8/libexec/lib/jline-2.14.6.jar!/" />
        <root url="jar:///usr/local/Cellar/groovy/2.5.8/libexec/lib/groovy-jaxb-2.5.8.jar!/" />
        <root url="jar:///usr/local/Cellar/groovy/2.5.8/libexec/lib/qdox-1.12.1.jar!/" />
        <root url="jar:///usr/local/Cellar/groovy/2.5.8/libexec/lib/groovy-jmx-2.5.8.jar!/" />
        <root url="jar:///usr/local/Cellar/groovy/2.5.8/libexec/lib/groovy-console-2.5.8.jar!/" />
        <root url="jar:///usr/local/Cellar/groovy/2.5.8/libexec/lib/commons-cli-1.4.jar!/" />
        <root url="jar:///usr/local/Cellar/groovy/2.5.8/libexec/lib/ant-launcher-1.9.13.jar!/" />
        <root url="jar:///usr/local/Cellar/groovy/2.5.8/libexec/lib/jsp-api-2.0.jar!/" />
        <root url="jar:///usr/local/Cellar/groovy/2.5.8/libexec/lib/junit-platform-engine-1.4.0.jar!/" />
        <root url="jar:///usr/local/Cellar/groovy/2.5.8/libexec/lib/jansi-1.17.1.jar!/" />
        <root url="jar:///usr/local/Cellar/groovy/2.5.8/libexec/lib/junit-platform-launcher-1.4.0.jar!/" />
        <root url="jar:///usr/local/Cellar/groovy/2.5.8/libexec/lib/groovy-dateutil-2.5.8.jar!/" />
        <root url="jar:///usr/local/Cellar/groovy/2.5.8/libexec/lib/groovy-2.5.8.jar!/" />
        <root url="jar:///usr/local/Cellar/groovy/2.5.8/libexec/lib/groovy-test-junit5-2.5.8.jar!/" />
        <root url="jar:///usr/local/Cellar/groovy/2.5.8/libexec/lib/opentest4j-1.1.1.jar!/" />
        <root url="jar:///usr/local/Cellar/groovy/2.5.8/libexec/lib/groovy-xml-2.5.8.jar!/" />
        <root url="jar:///usr/local/Cellar/groovy/2.5.8/libexec/lib/hamcrest-core-1.3.jar!/" />
        <root url="jar:///usr/local/Cellar/groovy/2.5.8/libexec/lib/groovy-jsr223-2.5.8.jar!/" />
        <root url="jar:///usr/local/Cellar/groovy/2.5.8/libexec/lib/junit-platform-commons-1.4.0.jar!/" />
        <root url="jar:///usr/local/Cellar/groovy/2.5.8/libexec/lib/groovy-groovydoc-2.5.8.jar!/" />
        <root url="jar:///usr/local/Cellar/groovy/2.5.8/libexec/lib/junit-jupiter-engine-5.4.0.jar!/" />
        <root url="jar:///usr/local/Cellar/groovy/2.5.8/libexec/lib/groovy-cli-picocli-2.5.8.jar!/" />
        <root url="jar:///usr/local/Cellar/groovy/2.5.8/libexec/lib/ivy-2.4.0.jar!/" />
        <root url="jar:///usr/local/Cellar/groovy/2.5.8/libexec/lib/groovy-cli-commons-2.5.8.jar!/" />
        <root url="jar:///usr/local/Cellar/groovy/2.5.8/libexec/lib/ant-antlr-1.9.13.jar!/" />
        <root url="jar:///usr/local/Cellar/groovy/2.5.8/libexec/lib/groovy-test-2.5.8.jar!/" />
        <root url="jar:///usr/local/Cellar/groovy/2.5.8/libexec/lib/groovy-bsf-2.5.8.jar!/" />
        <root url="jar:///usr/local/Cellar/groovy/2.5.8/libexec/lib/groovy-groovysh-2.5.8.jar!/" />
        <root url="jar:///usr/local/Cellar/groovy/2.5.8/libexec/lib/groovy-templates-2.5.8.jar!/" />
        <root url="jar:///usr/local/Cellar/groovy/2.5.8/libexec/lib/groovy-macro-2.5.8.jar!/" />
        <root url="jar:///usr/local/Cellar/groovy/2.5.8/libexec/lib/groovy-nio-2.5.8.jar!/" />
        <root url="jar:///usr/local/Cellar/groovy/2.5.8/libexec/lib/ant-junit-1.9.13.jar!/" />
        <root url="jar:///usr/local/Cellar/groovy/2.5.8/libexec/lib/apiguardian-api-1.0.0.jar!/" />
        <root url="jar:///usr/local/Cellar/groovy/2.5.8/libexec/lib/jcommander-1.72.jar!/" />
        <root url="jar:///usr/local/Cellar/groovy/2.5.8/libexec/lib/groovy-json-direct-2.5.8.jar!/" />
      </CLASSES>
      <JAVADOC />
      <SOURCES />
    </library>
  </component>
</application>