<application>
  <component name="FileTypeManager" version="18">
    <extensionMap>
      <mapping pattern="testfile" type="AUTO_DETECTED" />
      <mapping pattern="Dockerfile_local" type="Dockerfile" />
      <mapping pattern="istio-token" type="GitIgnore file" />
      <mapping ext="space.kts" type="Kotlin" />
      <mapping ext="gradle.kts" type="Kotlin" />
      <mapping ext="main.kts" type="Kotlin" />
      <mapping pattern="CODEOWNERS" type="PLAIN_TEXT" />
      <mapping pattern=".helmignore" type="PLAIN_TEXT" />
      <mapping ext="tpl" type="PLAIN_TEXT" />
      <mapping ext="crt" type="PLAIN_TEXT" />
      <mapping ext="local" type="PLAIN_TEXT" />
      <mapping ext="pem" type="PLAIN_TEXT" />
      <mapping pattern="providers" type="Terraform" />
    </extensionMap>
  </component>
</application>