<application>
  <component name="VimSettings">
    <state version="4" enabled="true" />
    <globalmarks />
    <filemarks>
      <file name="$USER_HOME$/code/perka/java/core/src/main/java/com/getperka/core/contact/ContactService.java" timestamp="1558382435824">
        <mark key="'" line="87" column="0" />
        <mark key="[" line="273" column="43" />
        <mark key="]" line="273" column="41" />
        <mark key="." line="273" column="41" />
        <mark key="^" line="273" column="41" />
      </file>
      <file name="$USER_HOME$/code/perka/java/core/src/test/java/com/getperka/core/CoreTestUtils.java" timestamp="1558451375133">
        <mark key="'" line="51" column="9" />
        <mark key="[" line="213" column="0" />
        <mark key="]" line="213" column="0" />
        <mark key="." line="213" column="0" />
        <mark key="^" line="213" column="66" />
      </file>
      <file name="$USER_HOME$/code/perka/java/core/src/test/java/com/getperka/core/merchant/MerchantServiceTest.java" timestamp="1557932077233">
        <mark key="'" line="102" column="32" />
      </file>
      <file name="$USER_HOME$/code/perka/java/core/src/test/java/com/getperka/core/tasks/subscribers/customer/engagement/RecordCustomersMerchantSeenSubscriberTest.java" timestamp="1558622008837">
        <mark key="[" line="57" column="27" />
        <mark key="]" line="57" column="83" />
        <mark key="." line="57" column="83" />
        <mark key="^" line="57" column="83" />
      </file>
      <file name="$USER_HOME$/code/perka/java/model/src/main/resources/db/migration/V268.0__create_clover_merchant_sync_priority.sql" timestamp="1558020073965">
        <mark key="[" line="4" column="22" />
        <mark key="]" line="4" column="22" />
        <mark key="^" line="4" column="22" />
        <mark key="." line="4" column="22" />
      </file>
      <file name="$USER_HOME$/code/cus/java/src/test/java/com/clover/cus/TestBase.java" timestamp="1558629422917" />
      <file name="$APPLICATION_CONFIG_DIR$/consoles/db/7f1a7fa3-3af5-47cd-865a-ed5706da157d/console.sql" timestamp="1558461076706">
        <mark key="[" line="0" column="0" />
        <mark key="]" line="0" column="0" />
        <mark key="^" line="0" column="18" />
        <mark key="." line="0" column="0" />
      </file>
      <file name="$USER_HOME$/code/cus/java/src/test/java/com/clover/cus/filter/TransactionRequestFilterTest.java" timestamp="1558629452727">
        <mark key="[" line="23" column="29" />
        <mark key="]" line="23" column="32" />
        <mark key="." line="23" column="32" />
        <mark key="^" line="23" column="32" />
      </file>
      <file name="$USER_HOME$/code/perka/java/core/src/main/resources/emailmarketing.properties" timestamp="1558634940152" />
      <file name="$USER_HOME$/code/cus/java/src/main/java/com/clover/cus/api/TestResource.java" timestamp="1558560405670">
        <mark key="[" line="28" column="48" />
        <mark key="]" line="28" column="37" />
        <mark key="." line="28" column="37" />
        <mark key="^" line="28" column="37" />
      </file>
      <file name="$USER_HOME$/code/perka/java/core/src/main/java/com/getperka/core/customers/SyncService.java" timestamp="1558625083892">
        <mark key="[" line="33" column="55" />
        <mark key="]" line="33" column="54" />
        <mark key="^" line="33" column="54" />
        <mark key="." line="33" column="54" />
      </file>
      <file name="$USER_HOME$/code/perka/java/core/src/main/java/com/getperka/core/security/Permissions.java" timestamp="1558382781943">
        <mark key="[" line="141" column="70" />
        <mark key="]" line="141" column="68" />
        <mark key="." line="141" column="68" />
        <mark key="^" line="141" column="68" />
      </file>
      <file name="$USER_HOME$/code/cus/java/src/test/java/com/clover/cus/filter/RequestFilterTest.java" timestamp="1558471391247" />
      <file name="$USER_HOME$/code/perka/java/model/pom.xml" timestamp="1557957412520">
        <mark key="'" line="0" column="0" />
      </file>
      <file name="$USER_HOME$/code/perka/java/model/src/main/java/com/getperka/model/entity/CloverCustomer.java" timestamp="1558378121578">
        <mark key="'" line="229" column="21" />
      </file>
      <file name="$USER_HOME$/code/perka/java/model/src/main/resources/META-INF/orm.xml" timestamp="1558635222914">
        <mark key="'" line="0" column="0" />
      </file>
      <file name="$USER_HOME$/code/perka/java/core/src/main/java/com/getperka/core/feedback/FeedbackClientManager.java" timestamp="1558533943771">
        <mark key="'" line="26" column="39" />
        <mark key="[" line="56" column="7" />
        <mark key="]" line="56" column="5" />
        <mark key="^" line="56" column="5" />
        <mark key="." line="56" column="5" />
      </file>
      <file name="$USER_HOME$/code/cus/java/cus_config.test.yaml" timestamp="1558553222967">
        <mark key="[" line="6" column="26" />
        <mark key="]" line="6" column="27" />
        <mark key="." line="6" column="27" />
        <mark key="^" line="6" column="27" />
      </file>
      <file name="$MAVEN_REPOSITORY$/org/hibernate/javax/persistence/hibernate-jpa-2.1-api/1.0.0.Final/hibernate-jpa-2.1-api-1.0.0.Final.jar!/javax/persistence/EntityManagerFactory.class" timestamp="1558208874803">
        <mark key="[" line="22" column="26" />
        <mark key="]" line="22" column="25" />
        <mark key="^" line="22" column="25" />
        <mark key="." line="22" column="25" />
      </file>
      <file name="$USER_HOME$/code/cus/java/pom.xml" timestamp="1558621380445">
        <mark key="'" line="388" column="0" />
        <mark key="[" line="253" column="17" />
        <mark key="]" line="259" column="16" />
        <mark key="^" line="259" column="16" />
        <mark key="." line="259" column="16" />
      </file>
      <file name="$USER_HOME$/code/perka/java/core/src/main/java/com/getperka/core/persistence/PerkaEntityManager.java" timestamp="1558123384587">
        <mark key="'" line="255" column="30" />
      </file>
      <file name="$USER_HOME$/code/cus/java/src/test/java/com/clover/cus/api/TestResourceTest.java" timestamp="1558561044410">
        <mark key="[" line="22" column="7" />
        <mark key="]" line="22" column="32" />
        <mark key="^" line="22" column="32" />
        <mark key="." line="22" column="32" />
      </file>
      <file name="$USER_HOME$/code/cus/java/src/main/java/com/clover/cus/model/persistence/ReadOnlyEntityManagerFactoryProvider.java" timestamp="1558552279535" />
      <file name="$USER_HOME$/code/cus/java/src/main/java/com/clover/cus/model/persistence/PersistenceScope.java" timestamp="1558560691549">
        <mark key="'" line="221" column="0" />
      </file>
      <file name="$USER_HOME$/code/perka/java/api/src/test/java/com/getperka/api/provider/filter/CloverSessionFilterTest.java" timestamp="1558467969673">
        <mark key="'" line="55" column="30" />
      </file>
      <file name="$USER_HOME$/code/perka/java/api/src/main/java/com/getperka/api/provider/filter/TransactionRequestFilter.java" timestamp="1558561263716">
        <mark key="'" line="31" column="45" />
        <mark key="[" line="21" column="0" />
        <mark key="]" line="21" column="49" />
      </file>
      <file name="$USER_HOME$/code/perka/java/model/src/main/java/com/getperka/model/entity/PerkaUser.java" timestamp="1558208961891">
        <mark key="'" line="79" column="13" />
      </file>
      <file name="$USER_HOME$/code/perka/java/model/src/main/resources/db/migration/V268.0__add_email_addresses_lower_index.sql" timestamp="1558023524556">
        <mark key="[" line="0" column="0" />
        <mark key="]" line="0" column="3" />
        <mark key="." line="0" column="3" />
        <mark key="^" line="0" column="3" />
      </file>
      <file name="$USER_HOME$/code/cus/java/src/main/java/com/clover/cus/api/filter/FilterPriority.java" timestamp="1558560622761">
        <mark key="[" line="5" column="46" />
        <mark key="]" line="5" column="47" />
        <mark key="^" line="5" column="47" />
        <mark key="." line="5" column="47" />
      </file>
      <file name="$USER_HOME$/code/perka/java/core/src/main/java/com/getperka/core/tasks/subscribers/emailmarketing/SendPromoRoiEmailSubscriber.java" timestamp="1558635846117">
        <mark key="[" line="40" column="22" />
        <mark key="]" line="42" column="0" />
        <mark key="^" line="42" column="0" />
        <mark key="." line="42" column="0" />
      </file>
      <file name="$USER_HOME$/code/cus/java/src/main/resources/db/migration/V1__initial_schema.sql" timestamp="1558470196974">
        <mark key="'" line="317" column="13" />
        <mark key="[" line="316" column="13" />
        <mark key="]" line="316" column="26" />
        <mark key="^" line="316" column="26" />
        <mark key="." line="316" column="26" />
      </file>
      <file name="$USER_HOME$/code/perka/java/core/src/main/java/com/getperka/core/emailmarketing/nurturing/NurturingCampaignService.java" timestamp="1558635279952">
        <mark key="'" line="59" column="48" />
      </file>
      <file name="$USER_HOME$/code/perka/java/model/src/main/java/com/getperka/model/entity/SyncBlacklistEntry.java" timestamp="1557947090606">
        <mark key="'" line="10" column="6" />
      </file>
      <file name="$USER_HOME$/code/perka/java/model/src/main/java/com/getperka/model/entity/CloverMerchantSyncPriority.java" timestamp="1558446873980">
        <mark key="'" line="17" column="2" />
        <mark key="[" line="12" column="30" />
        <mark key="]" line="12" column="30" />
        <mark key="^" line="4" column="43" />
        <mark key="." line="12" column="30" />
      </file>
      <file name="$USER_HOME$/code/perka/java/core/src/main/java/com/getperka/core/feedback/FeedbackApi.java" timestamp="1558527509306" />
      <file name="$MAVEN_REPOSITORY$/org/hamcrest/hamcrest-core/1.3/hamcrest-core-1.3.jar!/org/hamcrest/core/StringContains.class" timestamp="1558466156268" />
      <file name="$USER_HOME$/code/perka/java/core/src/test/java/com/getperka/core/customer/engagement/CustomerEngagementServiceTest.java" timestamp="1558539252356">
        <mark key="'" line="528" column="30" />
        <mark key="[" line="496" column="93" />
        <mark key="]" line="528" column="107" />
        <mark key="." line="496" column="114" />
        <mark key="^" line="528" column="107" />
      </file>
      <file name="$USER_HOME$/code/cus/java/src/main/java/com/clover/cus/api/filter/TransactionRequestFilter.java" timestamp="1558561439540">
        <mark key="'" line="12" column="25" />
        <mark key="[" line="16" column="0" />
        <mark key="]" line="16" column="0" />
        <mark key="." line="16" column="0" />
        <mark key="^" line="22" column="39" />
      </file>
      <file name="$USER_HOME$/code/perka/java/core/src/main/java/com/getperka/core/health/DatabaseHealthCheckReadWrite.java" timestamp="1558125109897">
        <mark key="'" line="28" column="26" />
      </file>
      <file name="$USER_HOME$/code/perka/java/core/src/test/java/com/getperka/core/customers/CloverCustomerServiceTest.java" timestamp="1558623018578">
        <mark key="'" line="63" column="13" />
      </file>
      <file name="$USER_HOME$/code/perka/java/core/src/test/java/com/getperka/core/customer/engagement/CloverCustomerDataFactoryTest.java" timestamp="1557931364404">
        <mark key="'" line="107" column="54" />
      </file>
      <file name="$USER_HOME$/code/perka/java/api/src/main/java/com/getperka/api/resource/CardResource.java" timestamp="1558552511866" />
      <file name="$USER_HOME$/code/perka/java/core/src/main/java/com/getperka/core/tasks/subscribers/customer/engagement/RecordCustomersMerchantSeenSubscriber.java" timestamp="1558621511339">
        <mark key="'" line="8" column="26" />
        <mark key="[" line="22" column="70" />
        <mark key="]" line="22" column="70" />
        <mark key="^" line="22" column="40" />
        <mark key="." line="22" column="70" />
      </file>
    </filemarks>
    <jumps>
      <jump line="537" column="71" filename="$USER_HOME$/code/perka/java/core/src/test/java/com/getperka/core/customer/engagement/CustomerEngagementServiceTest.java" />
      <jump line="487" column="34" filename="$USER_HOME$/code/perka/java/core/src/test/java/com/getperka/core/customer/engagement/CustomerEngagementServiceTest.java" />
      <jump line="497" column="71" filename="$USER_HOME$/code/perka/java/core/src/test/java/com/getperka/core/customer/engagement/CustomerEngagementServiceTest.java" />
      <jump line="518" column="71" filename="$USER_HOME$/code/perka/java/core/src/test/java/com/getperka/core/customer/engagement/CustomerEngagementServiceTest.java" />
      <jump line="211" column="8" filename="$USER_HOME$/code/perka/java/core/src/test/java/com/getperka/core/CoreTestUtils.java" />
      <jump line="50" column="9" filename="$USER_HOME$/code/perka/java/core/src/test/java/com/getperka/core/CoreTestUtils.java" />
      <jump line="88" column="46" filename="$USER_HOME$/code/perka/java/core/src/test/java/com/getperka/core/tasks/subscribers/customer/engagement/RecordCustomersMerchantSeenSubscriberTest.java" />
      <jump line="49" column="83" filename="$USER_HOME$/code/perka/java/core/src/test/java/com/getperka/core/tasks/subscribers/customer/engagement/RecordCustomersMerchantSeenSubscriberTest.java" />
      <jump line="67" column="81" filename="$USER_HOME$/code/perka/java/core/src/test/java/com/getperka/core/tasks/subscribers/customer/engagement/RecordCustomersMerchantSeenSubscriberTest.java" />
      <jump line="78" column="64" filename="$USER_HOME$/code/cus/java/src/main/resources/db/migration/V1__initial_schema.sql" />
      <jump line="117" column="14" filename="$USER_HOME$/code/perka/java/api/src/test/java/com/getperka/api/provider/filter/CloverSessionFilterTest.java" />
      <jump line="242" column="27" filename="$USER_HOME$/code/perka/java/api/src/test/java/com/getperka/api/provider/filter/CloverSessionFilterTest.java" />
      <jump line="219" column="48" filename="$USER_HOME$/code/cus/java/pom.xml" />
      <jump line="34" column="16" filename="$USER_HOME$/code/cus/java/pom.xml" />
      <jump line="55" column="30" filename="$USER_HOME$/code/perka/java/api/src/test/java/com/getperka/api/provider/filter/CloverSessionFilterTest.java" />
      <jump line="491" column="13" filename="$USER_HOME$/code/cus/java/src/main/resources/db/migration/V1__initial_schema.sql" />
      <jump line="492" column="13" filename="$USER_HOME$/code/cus/java/src/main/resources/db/migration/V1__initial_schema.sql" />
      <jump line="0" column="0" filename="$USER_HOME$/code/cus/java/src/main/resources/db/migration/V1__initial_schema.sql" />
      <jump line="20" column="13" filename="$USER_HOME$/code/cus/java/src/main/resources/db/migration/V1__initial_schema.sql" />
      <jump line="21" column="13" filename="$USER_HOME$/code/cus/java/src/main/resources/db/migration/V1__initial_schema.sql" />
      <jump line="38" column="13" filename="$USER_HOME$/code/cus/java/src/main/resources/db/migration/V1__initial_schema.sql" />
      <jump line="39" column="13" filename="$USER_HOME$/code/cus/java/src/main/resources/db/migration/V1__initial_schema.sql" />
      <jump line="64" column="13" filename="$USER_HOME$/code/cus/java/src/main/resources/db/migration/V1__initial_schema.sql" />
      <jump line="65" column="13" filename="$USER_HOME$/code/cus/java/src/main/resources/db/migration/V1__initial_schema.sql" />
      <jump line="89" column="13" filename="$USER_HOME$/code/cus/java/src/main/resources/db/migration/V1__initial_schema.sql" />
      <jump line="90" column="13" filename="$USER_HOME$/code/cus/java/src/main/resources/db/migration/V1__initial_schema.sql" />
      <jump line="92" column="14" filename="$USER_HOME$/code/cus/java/src/main/resources/db/migration/V1__initial_schema.sql" />
      <jump line="95" column="15" filename="$USER_HOME$/code/cus/java/src/main/resources/db/migration/V1__initial_schema.sql" />
      <jump line="120" column="13" filename="$USER_HOME$/code/cus/java/src/main/resources/db/migration/V1__initial_schema.sql" />
      <jump line="121" column="13" filename="$USER_HOME$/code/cus/java/src/main/resources/db/migration/V1__initial_schema.sql" />
      <jump line="123" column="14" filename="$USER_HOME$/code/cus/java/src/main/resources/db/migration/V1__initial_schema.sql" />
      <jump line="126" column="15" filename="$USER_HOME$/code/cus/java/src/main/resources/db/migration/V1__initial_schema.sql" />
      <jump line="150" column="13" filename="$USER_HOME$/code/cus/java/src/main/resources/db/migration/V1__initial_schema.sql" />
      <jump line="151" column="13" filename="$USER_HOME$/code/cus/java/src/main/resources/db/migration/V1__initial_schema.sql" />
      <jump line="161" column="13" filename="$USER_HOME$/code/cus/java/src/main/resources/db/migration/V1__initial_schema.sql" />
      <jump line="162" column="13" filename="$USER_HOME$/code/cus/java/src/main/resources/db/migration/V1__initial_schema.sql" />
      <jump line="184" column="13" filename="$USER_HOME$/code/cus/java/src/main/resources/db/migration/V1__initial_schema.sql" />
      <jump line="185" column="13" filename="$USER_HOME$/code/cus/java/src/main/resources/db/migration/V1__initial_schema.sql" />
      <jump line="186" column="15" filename="$USER_HOME$/code/cus/java/src/main/resources/db/migration/V1__initial_schema.sql" />
      <jump line="187" column="16" filename="$USER_HOME$/code/cus/java/src/main/resources/db/migration/V1__initial_schema.sql" />
      <jump line="188" column="15" filename="$USER_HOME$/code/cus/java/src/main/resources/db/migration/V1__initial_schema.sql" />
      <jump line="227" column="13" filename="$USER_HOME$/code/cus/java/src/main/resources/db/migration/V1__initial_schema.sql" />
      <jump line="228" column="13" filename="$USER_HOME$/code/cus/java/src/main/resources/db/migration/V1__initial_schema.sql" />
      <jump line="229" column="15" filename="$USER_HOME$/code/cus/java/src/main/resources/db/migration/V1__initial_schema.sql" />
      <jump line="232" column="14" filename="$USER_HOME$/code/cus/java/src/main/resources/db/migration/V1__initial_schema.sql" />
      <jump line="256" column="13" filename="$USER_HOME$/code/cus/java/src/main/resources/db/migration/V1__initial_schema.sql" />
      <jump line="257" column="13" filename="$USER_HOME$/code/cus/java/src/main/resources/db/migration/V1__initial_schema.sql" />
      <jump line="258" column="15" filename="$USER_HOME$/code/cus/java/src/main/resources/db/migration/V1__initial_schema.sql" />
      <jump line="261" column="14" filename="$USER_HOME$/code/cus/java/src/main/resources/db/migration/V1__initial_schema.sql" />
      <jump line="282" column="13" filename="$USER_HOME$/code/cus/java/src/main/resources/db/migration/V1__initial_schema.sql" />
      <jump line="283" column="13" filename="$USER_HOME$/code/cus/java/src/main/resources/db/migration/V1__initial_schema.sql" />
      <jump line="284" column="16" filename="$USER_HOME$/code/cus/java/src/main/resources/db/migration/V1__initial_schema.sql" />
      <jump line="285" column="15" filename="$USER_HOME$/code/cus/java/src/main/resources/db/migration/V1__initial_schema.sql" />
      <jump line="316" column="13" filename="$USER_HOME$/code/cus/java/src/main/resources/db/migration/V1__initial_schema.sql" />
      <jump line="346" column="13" filename="$USER_HOME$/code/cus/java/src/main/resources/db/migration/V1__initial_schema.sql" />
      <jump line="318" column="15" filename="$USER_HOME$/code/cus/java/src/main/resources/db/migration/V1__initial_schema.sql" />
      <jump line="317" column="13" filename="$USER_HOME$/code/cus/java/src/main/resources/db/migration/V1__initial_schema.sql" />
      <jump line="42" column="32" filename="$USER_HOME$/code/perka/java/core/src/main/java/com/getperka/core/feedback/FeedbackApiMicroserviceImpl.java" />
      <jump line="175" column="5" filename="$USER_HOME$/code/perka/java/api/src/main/java/com/getperka/api/resource/FeedbackResource.java" />
      <jump line="87" column="6" filename="$USER_HOME$/code/perka/java/api/src/main/java/com/getperka/api/resource/FeedbackResource.java" />
      <jump line="68" column="22" filename="$USER_HOME$/code/perka/java/api/src/main/java/com/getperka/api/resource/FeedbackResource.java" />
      <jump line="37" column="5" filename="$USER_HOME$/code/perka/java/core/src/main/java/com/getperka/core/feedback/FeedbackClientManager.java" />
      <jump line="114" column="0" filename="$USER_HOME$/code/perka/java/core/src/main/java/com/getperka/core/feedback/FeedbackApiMicroserviceImpl.java" />
      <jump line="1" column="0" filename="$USER_HOME$/code/perka/java/core/src/main/java/com/getperka/core/feedback/FeedbackApiMicroserviceImpl.java" />
      <jump line="61" column="64" filename="$USER_HOME$/code/perka/java/core/src/main/java/com/getperka/core/feedback/FeedbackClientManager.java" />
      <jump line="73" column="88" filename="$USER_HOME$/code/perka/java/core/src/main/java/com/getperka/core/feedback/FeedbackClientManager.java" />
      <jump line="108" column="25" filename="$USER_HOME$/code/perka/java/core/src/main/java/com/getperka/core/feedback/FeedbackClientManager.java" />
      <jump line="31" column="18" filename="$USER_HOME$/code/perka/java/core/src/main/java/com/getperka/core/feedback/FeedbackClientManager.java" />
      <jump line="84" column="45" filename="$USER_HOME$/code/perka/java/core/src/main/java/com/getperka/core/feedback/FeedbackClientManager.java" />
      <jump line="80" column="47" filename="$USER_HOME$/code/perka/java/core/src/main/java/com/getperka/core/feedback/FeedbackClientManager.java" />
      <jump line="33" column="6" filename="$USER_HOME$/code/perka/java/core/src/main/java/com/getperka/core/feedback/FeedbackClientManager.java" />
      <jump line="26" column="39" filename="$USER_HOME$/code/perka/java/core/src/main/java/com/getperka/core/feedback/FeedbackClientManager.java" />
      <jump line="66" column="52" filename="$USER_HOME$/code/perka/java/core/src/main/java/com/getperka/core/feedback/FeedbackApiMicroserviceImpl.java" />
      <jump line="681" column="19" filename="$USER_HOME$/code/perka/java/core/src/main/java/com/getperka/core/feedback/FeedbackService.java" />
      <jump line="545" column="30" filename="$USER_HOME$/code/perka/java/core/src/test/java/com/getperka/core/customer/engagement/CustomerEngagementServiceTest.java" />
      <jump line="548" column="30" filename="$USER_HOME$/code/perka/java/core/src/test/java/com/getperka/core/customer/engagement/CustomerEngagementServiceTest.java" />
      <jump line="489" column="30" filename="$USER_HOME$/code/perka/java/core/src/test/java/com/getperka/core/customer/engagement/CustomerEngagementServiceTest.java" />
      <jump line="495" column="30" filename="$USER_HOME$/code/perka/java/core/src/test/java/com/getperka/core/customer/engagement/CustomerEngagementServiceTest.java" />
      <jump line="526" column="30" filename="$USER_HOME$/code/perka/java/core/src/test/java/com/getperka/core/customer/engagement/CustomerEngagementServiceTest.java" />
      <jump line="221" column="0" filename="$USER_HOME$/code/cus/java/src/main/java/com/clover/cus/model/persistence/PersistenceScope.java" />
      <jump line="33" column="13" filename="$USER_HOME$/code/perka/java/api/src/main/java/com/getperka/api/provider/filter/TransactionRequestFilter.java" />
      <jump line="63" column="8" filename="$USER_HOME$/code/perka/java/api/src/main/java/com/getperka/api/provider/filter/TransactionRequestFilter.java" />
      <jump line="36" column="8" filename="$USER_HOME$/code/perka/java/api/src/main/java/com/getperka/api/provider/filter/TransactionRequestFilter.java" />
      <jump line="45" column="4" filename="$USER_HOME$/code/perka/java/api/src/main/java/com/getperka/api/provider/filter/TransactionRequestFilter.java" />
      <jump line="31" column="45" filename="$USER_HOME$/code/perka/java/api/src/main/java/com/getperka/api/provider/filter/TransactionRequestFilter.java" />
      <jump line="13" column="25" filename="$USER_HOME$/code/cus/java/src/main/java/com/clover/cus/api/filter/TransactionRequestFilter.java" />
      <jump line="252" column="24" filename="$USER_HOME$/code/cus/java/pom.xml" />
      <jump line="382" column="0" filename="$USER_HOME$/code/cus/java/pom.xml" />
      <jump line="59" column="12" filename="$USER_HOME$/code/perka/java/core/src/test/java/com/getperka/core/tasks/subscribers/customer/engagement/RecordCustomersMerchantSeenSubscriberTest.java" />
      <jump line="63" column="13" filename="$USER_HOME$/code/perka/java/core/src/test/java/com/getperka/core/customers/CloverCustomerServiceTest.java" />
      <jump line="10" column="0" filename="$USER_HOME$/code/perka/java/core/src/main/resources/search/customer_template.json" />
      <jump line="168" column="0" filename="$USER_HOME$/code/perka/java/core/src/main/resources/search/customer_template.json" />
      <jump line="78" column="0" filename="$USER_HOME$/code/perka/java/core/src/main/resources/search/customer_template.json" />
      <jump line="68" column="2" filename="$USER_HOME$/code/perka/java/core/src/main/resources/search/customer_template.json" />
      <jump line="31" column="12" filename="$USER_HOME$/code/perka/java/core/src/main/resources/search/customer_template.json" />
      <jump line="70" column="9" filename="$USER_HOME$/code/perka/java/core/src/main/resources/search/customer_template.json" />
      <jump line="132" column="9" filename="$USER_HOME$/code/perka/java/core/src/main/resources/search/customer_template.json" />
      <jump line="71" column="9" filename="$USER_HOME$/code/perka/java/core/src/main/resources/search/customer_template.json" />
      <jump line="179" column="9" filename="$USER_HOME$/code/perka/java/core/src/main/resources/search/customer_template.json" />
      <jump line="0" column="0" filename="$USER_HOME$/code/perka/java/model/src/main/resources/META-INF/orm.xml" />
    </jumps>
    <registers>
      <register name="&quot;" type="4">
        <text>DropwizardConfiguration</text>
      </register>
      <register name="-" type="4">
        <text>DropwizardConfiguration</text>
      </register>
      <register name="/" type="4">
        <text encoding="base64">XDxzb3J0RGlzcGxheVw+</text>
      </register>
      <register name="0" type="2">
        <text encoding="base64">ICAgICAgICAibWVyY2hhbnRVdWlkIgo=</text>
      </register>
      <register name="1" type="2">
        <text encoding="base64">Cg==</text>
      </register>
      <register name="2" type="2">
        <text encoding="base64">ICBASW5qZWN0TW9ja3MKICBSZXNvdXJjZUluZm8gcmVzb3VyY2VJbmZvOwo=</text>
      </register>
      <register name="3" type="4">
        <text encoding="base64">LnRoZW5BbnN3ZXIoKCkgLT4gewogICAgICByZXR1cm4gOwogICAgfSk=</text>
      </register>
      <register name="4" type="2">
        <text encoding="base64">ICAgIHdoZW4oKQo=</text>
      </register>
      <register name="5" type="2">
        <text encoding="base64">Cg==</text>
      </register>
      <register name="6" type="2">
        <text encoding="base64">ICAK</text>
      </register>
      <register name="7" type="2">
        <text encoding="base64">ICAK</text>
      </register>
      <register name="8" type="2">
        <text encoding="base64">ICAgICAgICAgICAgKyAiQU5EIGNsLmFwaVJlcXVlc3RDb3VudCA+IDAgIgo=</text>
      </register>
      <register name="9" type="2">
        <text encoding="base64">Cg==</text>
      </register>
    </registers>
    <search>
      <last-search encoding="base64">XDxzb3J0RGlzcGxheVw+</last-search>
      <last-offset />
      <last-pattern encoding="base64">XDxzb3J0RGlzcGxheVw+</last-pattern>
      <last-dir>1</last-dir>
      <show-last>false</show-last>
    </search>
    <history>
      <history-search>
        <entry encoding="base64">XDxjbG92ZXJNZXJjaGFudFN5bmNQcmlvcml0eVw+</entry>
        <entry encoding="base64">XDxmaW5kQ2xvdmVyTWVyY2hhbnRTeW5jUHJpb3JpdHlcPg==</entry>
        <entry encoding="base64">XDxidWlsZE9yVXBkYXRlQ2xvdmVyTWVyY2hhbnRTeW5jXD4=</entry>
        <entry encoding="base64">XDxnZXRMb2NhdGlvbnNUb1N5bmNcPg==</entry>
        <entry encoding="base64">XDxjcmVhdGVBbmRHZXRNZXJjaGFudExvY2F0aW9uXD4=</entry>
        <entry encoding="base64">XDx0ZXN0Q3VzdG9tZXJcPg==</entry>
        <entry encoding="base64">XDxzZXR1cENsb3ZlckFwaVNlcnZpY2VcPg==</entry>
        <entry encoding="base64">XDxmaWx0ZXJcPg==</entry>
        <entry encoding="base64">XDxUSU1FU1RBTVBUWlw+</entry>
        <entry encoding="base64">XDxjbGllbnRNYW5hZ2VyXD4=</entry>
        <entry encoding="base64">XDxmZWVkYmFja0FwaVw+</entry>
        <entry encoding="base64">XDxhcGlLZXlcPg==</entry>
        <entry encoding="base64">XDxlbnN1cmVDaGFubmVsXD4=</entry>
        <entry encoding="base64">XDxjcmVhdGVDaGFubmVsXD4=</entry>
        <entry encoding="base64">XDxzdHViXD4=</entry>
        <entry encoding="base64">XDxidWlsZE9yVXBkYXRlQ2xvdmVyTWVyY2hhbnRTeW5jUHJpb3JpdHlcPg==</entry>
        <entry encoding="base64">XDxyZXNvdXJjZUNsYXNzXD4=</entry>
        <entry encoding="base64">XDxjb250YWluZXJSZXF1ZXN0Q29udGV4dFw+</entry>
        <entry encoding="base64">XDxtZXJjaGFudFV1aWRcPg==</entry>
        <entry encoding="base64">XDxzb3J0RGlzcGxheVw+</entry>
      </history-search>
      <history-cmd />
      <history-expr />
      <history-input />
    </history>
    <shortcut-conflicts>
      <shortcut-conflict owner="ide">
        <text>ctrl pressed R</text>
      </shortcut-conflict>
      <shortcut-conflict owner="vim">
        <text>ctrl pressed F</text>
      </shortcut-conflict>
      <shortcut-conflict owner="vim">
        <text>ctrl pressed B</text>
      </shortcut-conflict>
      <shortcut-conflict owner="ide">
        <text>ctrl pressed D</text>
      </shortcut-conflict>
    </shortcut-conflicts>
  </component>
</application>